"","Topic 1","Topic 2","Topic 3","Topic 4","Topic 5","Topic 6","Topic 7","Topic 8","Topic 9","Topic 10","Topic 11","Topic 12","Topic 13","Topic 14","Topic 15","Topic 16","Topic 17","Topic 18","Topic 19","Topic 20","Topic 21","Topic 22","Topic 23","Topic 24","Topic 25","Topic 26","Topic 27","Topic 28","Topic 29","Topic 30","Topic 31","Topic 32","Topic 33","Topic 34","Topic 35","Topic 36","Topic 37","Topic 38","Topic 39","Topic 40"
"1","self","python","look","time","user","edit","want","list","languag","type","model","someth","python","need","python","exampl","program","window","python","name","import","start","line","test","base","valu","script","http","function","applic","data","write","string","print","creat","file","class","code","project","work"
"2","return","find","like","process","updat","help","output","first","implement","text","django","like","instal","librari","specif","differ","command","system","also","pass","modul","thing","error","server","check","option","path","html","call","best","read","generat","number","return","chang","open","object","work","build","seem"
"3","class","given","good","thank","make","problem","possibl","contain","also","input","site","simpl","version","python","make","like","execut","current","specif","follow","problem","like","except","call","databas","variabl","access","page","method","just","best","want","suggest","result","main","given","method","found","develop","doesn"
"4","except","know","know","sinc","requir","solut","without","want","similar","right","better","suggest","site","know","best","question","idea","found","base","instead","sinc","basic","last","follow","exist","possibl","thank","googl","easi","much","open","need","work","given","make","give","instanc","except","make","howev"
"5","case","also","realli","even","current","sure","just","realli","question","anoth","edit","look","open","also","first","thank","need","without","librari","contain","well","seem","follow","howev","come","also","current","document","pass","possibl","howev","python","first","problem","want","contain","doesn","just","know","first"
"6","just","thank","just","question","problem","think","case","specif","point","good","follow","anyon","develop","anoth","follow","just","actual","python","make","case","howev","right","found","thank","better","sinc","exist","just","similar","wonder","problem","take","right","method","howev","follow","access","exampl","anyon","better"
"7","need","help","well","point","write","anyon","give","function","well","actual","import","method","librari","problem","except","basic","just","need","option","problem","given","think","give","doesn","anoth","just","pass","even","suggest","take","simpl","better","take","even","idea","except","problem","class","easi","follow"
"8","take","file","simpl","take","python","find","actual","instead","specif","even","anyon","found","chang","work","thank","want","anoth","look","right","number","best","problem","right","anyon","suggest","realli","python","look","make","better","follow","simpl","point","main","edit","import","easi","idea","wonder","look"
"9","exampl","wonder","without","howev","seem","work","even","sure","simpl","access","exampl","implement","doesn","write","thing","think","case","anyon","without","solut","file","current","given","well","actual","start","idea","anyon","howev","think","suggest","much","best","actual","question","site","file","think","someth","access"
"10","code","first","problem","know","import","idea","question","think","case","simpl","just","question","follow","first","differ","work","also","output","contain","make","find","differ","input","access","updat","give","thing","generat","python","idea","chang","case","seem","current","without","easi","realli","check","good","anoth"
