"","x"
"local",31056
"label",28700
"field",28334
"server",26750
"respons",24269
"datafram",23939
"build",23557
"window",23505
"element",22690
"count",22641
"button",21523
"client",20990
"content",20004
"random",19894
"select",19436
"thread",19082
"frame",18978
"length",18959
"point",18798
"default",18767
"option",18227
"librari",18142
"project",17983
"queri",17658
"search",17619
"close",17431
"event",17388
"train",16990
"applic",16733
"password",16431
"float",16418
"group",16289
"datetim",16045
"order",15720
"color",15659
"https",15344
"requir",15191
"header",15109
"display",14982
"right",14864
"document",14836
"includ",14748
"socket",14692
"databas",14660
"email",14540
"templat",14464
"convert",14377
"split",14267
"generat",14202
"instanc",14156
"match",14103
"dictionari",13947
"access",13919
"session",13858
"matplotlib",13781
"sourc",13762
"filenam",13565
"directori",13509
"filter",13202
"valid",13179
"framework",13157
"enter",13125
"status",12850
"width",12845
"attribut",12823
"context",12668
"figur",12601
"shape",12505
"setup",12502
"entri",12461
"flask",12398
"remov",12298
"store",12295
"kwarg",12247
"pygam",12172
"manag",12165
"simpl",12154
"system",12129
"argument",12035
"replac",11957
"token",11914
"config",11891
"anaconda",11876
"locat",11707
"usernam",11668
"answer",11545
"state",11504
"total",11502
"render",11442
"debug",11394
"click",11381
"multipl",11378
"defin",11149
"product",11147
"solut",11131
"sampl",11099
"login",11005
"encod",10941
"posit",10640
"matrix",10619
"expect",10558
"thing",10527
"address",10490
"score",10473
"googl",10428
"exist",10322
"serial",10298
"folder",10224
"target",10040
"everi",10030
"paramet",10010
"download",9992
"height",9930
"param",9924
"record",9903
"handl",9864
"extract",9757
"parent",9754
"instead",9690
"still",9633
"understand",9626
"initi",9618
"admin",9591
"driver",9537
"think",9502
"integ",9427
"global",9420
"delet",9385
"appreci",9298
"level",9287
"given",9250
"insert",9231
"calcul",9224
"charact",9163
"specif",9063
"custom",9014
"linux",8849
"block",8824
"implement",8759
"featur",8667
"compil",8664
"inform",8640
"lambda",8627
"charfield",8578
"relat",8558
"graph",8539
"widget",8536
"comput",8519
"success",8516
"appli",8509
"choic",8509
"urllib",8491
"screen",8388
"anyon",8371
"tkinter",8305
"categori",8256
"alreadi",8172
"receiv",8145
"player",8087
"subprocess",8004
"activ",7981
"servic",7978
"comment",7883
"scrapi",7870
"origin",7823
"collect",7797
"actual",7740
"learn",7688
"static",7662
"singl",7648
"insid",7591
"complet",7583
"contrib",7554
"sleep",7532
"cursor",7523
"refer",7509
"environ",7507
"selenium",7493
"control",7441
"empti",7431
"hello",7403
"weight",7345
"basic",7341
"apach",7285
"upload",7284
"break",7246
"queue",7215
"properti",7191
"within",7161
"typeerror",7136
"direct",7118
"style",7077
"similar",7072
"dtype",7071
"allow",7058
"price",7041
"descript",6992
"final",6987
"tensorflow",6984
"action",6937
"suggest",6925
"realli",6917
"normal",6882
"happen",6857
"spark",6773
"dataset",6763
"account",6724
"place",6677
"blank",6676
"remot",6645
"configur",6633
"browser",6619
"statement",6553
"month",6547
"stream",6547
"mysql",6545
"uniqu",6497
"memori",6472
"backend",6458
"scipi",6454
"qtgui",6431
"provid",6392
"vector",6383
"resourc",6378
"advanc",6360
"perform",6330
"batch",6303
"detail",6288
"profil",6245
"engin",6129
"separ",6049
"sqlalchemi",6038
"handler",6034
"child",5926
"assign",5887
"termin",5831
"parser",5829
"devic",5828
"submit",5820
"master",5782
"continu",5780
"share",5766
"better",5759
"attempt",5750
"structur",5747
"consol",5743
"letter",5741
"someon",5725
"xpath",5716
"depend",5685
"decod",5667
"reason",5667
"avail",5666
"network",5648
"super",5643
"valueerror",5636
"websit",5615
"virtualenv",5612
"specifi",5591
"worker",5588
"webdriv",5535
"shell",5532
"space",5525
"guess",5509
"video",5417
"desktop",5410
"pattern",5408
"appear",5394
"layer",5342
"predict",5328
"center",5319
"modifi",5305
"condit",5266
"everyth",5259
"indic",5245
"around",5241
"counter",5224
"combin",5215
"common",5202
"press",5198
"proper",5155
"author",5147
"anyth",5139
"callback",5115
"invalid",5108
"stdout",5093
"canva",5049
"timestamp",5049
"limit",5048
"alway",5033
"support",5032
"ipython",5021
"machin",4992
"languag",4991
"clean",4961
"migrat",4916
"foreignkey",4882
"localhost",4866
"accept",4860
"sequenc",4830
"exact",4826
"person",4826
"regex",4825
"importerror",4820
"redirect",4820
"develop",4814
"appdata",4773
"report",4773
"clear",4770
"either",4739
"amount",4722
"finish",4690
"background",4687
"signal",4647
"timeout",4634
"three",4620
"distanc",4607
"coordin",4599
"transform",4584
"occur",4574
"written",4573
"regist",4568
"previous",4564
"binari",4541
"sheet",4541
"keyword",4496
"excel",4461
"compar",4460
"section",4446
"unicod",4419
"strip",4414
"reader",4409
"great",4405
"multiprocess",4392
"extens",4388
"proxi",4388
"cluster",4364
"sklearn",4322
"certain",4293
"ubuntu",4287
"speed",4263
"celeri",4253
"yield",4239
"lower",4238
"opencv",4225
"optim",4209
"might",4200
"pyplot",4197
"authent",4184
"extra",4166
"sever",4149
"tweet",4142
"buffer",4129
"wonder",4123
"express",4105
"produc",4100
"chunk",4067
"stack",4066
"sentenc",4054
"thought",4032
"symbol",3994
"small",3971
"translat",3947
"logger",3937
"channel",3925
"unabl",3925
"achiev",3924
"domain",3918
"ignor",3917
"github",3916
"permiss",3909
"detect",3907
"middlewar",3873
"stuff",3872
"though",3855
"board",3820
"approach",3812
"articl",3802
"syntax",3796
"distribut",3789
"sqlite",3768
"tutori",3729
"begin",3728
"algorithm",3725
"secret",3721
"suppos",3720
"pickl",3714
"scala",3708
"duplic",3689
"countri",3686
"world",3676
"scrape",3648
"writer",3647
"primari",3625
"repeat",3617
"equal",3616
"groupbi",3605
"upgrad",3601
"doubl",3596
"notebook",3592
"media",3590
"effici",3573
"compani",3559
"averag",3553
"digit",3537
"subplot",3535
"manual",3531
"scale",3519
"dimens",3506
"enabl",3495
"revers",3475
"futur",3464
"retriev",3450
"extern",3443
"hidden",3433
"layout",3414
"qtcore",3412
"android",3408
"minut",3407
"theano",3391
"dynam",3378
"fetch",3378
"heroku",3378
"export",3365
"bootstrap",3361
"correspond",3355
"whole",3348
"alpha",3342
"desir",3335
"throw",3329
"public",3328
"pycharm",3316
"readlin",3314
"randint",3308
"black",3299
"probabl",3282
"intern",3276
"scope",3263
"releas",3244
"verbos",3240
"javascript",3232
"student",3227
"<c><><c><>",3211
"squar",3193
"stdin",3191
"schema",3176
"explain",3173
"assum",3164
"addit",3151
"white",3146
"spider",3138
"simpli",3136
"troubl",3125
"interfac",3107
"cours",3099
"reduc",3084
"commit",3080
"schedul",3073
"queryset",3065
"secur",3053
"align",3038
"track",3035
"listen",3033
"rather",3028
"subject",3028
"decor",3026
"period",3023
"offset",3001
"particular",2984
"constant",2977
"wrapper",2964
"repres",2933
"built",2931
"slice",2929
"bottom",2925
"credenti",2923
"topic",2922
"standard",2917
"popul",2903
"pictur",2901
"shown",2901
"phone",2900
"member",2889
"stock",2886
"pixel",2879
"whether",2877
"switch",2872
"visual",2865
"pyspark",2864
"identifi",2863
"attach",2860
"resolv",2856
"patch",2845
"extend",2828
"interpret",2828
"automat",2795
"present",2778
"region",2778
"notic",2776
"wrote",2774
"mainwindow",2772
"declar",2753
"setuptool",2751
"enumer",2747
"deploy",2741
"storag",2740
"cooki",2736
"reset",2729
"green",2724
"accord",2723
"avoid",2717
"reshap",2713
"confus",2710
"urlopen",2709
"consum",2708
"pretti",2705
"third",2705
"plugin",2688
"firefox",2686
"packet",2686
"recurs",2684
"tensor",2671
"littl",2665
"assert",2655
"photo",2652
"decim",2648
"stuck",2648
"platform",2646
"later",2633
"entir",2631
"errno",2630
"captur",2626
"chrome",2624
"regular",2619
"contact",2615
"circl",2608
"prefix",2606
"popen",2605
"multi",2604
"delimit",2603
"general",2599
"round",2595
"definit",2593
"obvious",2591
"consid",2590
"findal",2584
"verifi",2575
"forward",2573
"conda",2568
"placehold",2568
"interest",2552
"cross",2550
"numer",2540
"classifi",2527
"ctype",2514
"parallel",2513
"unknown",2513
"<c><>",2508
"ascii",2504
"never",2500
"compon",2497
"latest",2467
"dispatch",2460
"togeth",2448
"peopl",2447
"pipelin",2440
"chart",2434
"accuraci",2433
"kernel",2431
"disabl",2409
"prompt",2392
"upper",2392
"interact",2368
"protocol",2366
"choos",2365
"runtim",2362
"least",2358
"integr",2356
"prefer",2356
"interv",2351
"children",2343
"vertic",2340
"snippet",2322
"logic",2318
"sometim",2317
"short",2315
"mention",2300
"bound",2298
"couldn",2290
"clock",2287
"linear",2287
"agent",2284
"jupyt",2282
"obtain",2281
"determin",2273
"cython",2264
"arang",2249
"stderr",2228
"frequenc",2224
"twitter",2222
"virtual",2221
"inner",2213
"generic",2204
"camera",2202
"encrypt",2189
"panel",2186
"perfect",2184
"privat",2182
"complex",2180
"relationship",2179
"resiz",2177
"namespac",2172
"visibl",2168
"tornado",2160
"maximum",2159
"epoch",2156
"trace",2153
"scikit",2151
"mainloop",2149
"coord",2144
"hadoop",2139
"struct",2139
"processor",2127
"unittest",2122
"individu",2119
"evalu",2117
"volum",2115
"repli",2113
"today",2113
"getattr",2111
"ident",2110
"dialog",2106
"audio",2105
"payload",2103
"owner",2102
"depth",2101
"gmail",2099
"launch",2099
"minim",2099
"myapp",2097
"metric",2093
"design",2088
"oauth",2058
"analysi",2057
"loader",2056
"async",2052
"purpos",2045
"invok",2044
"wheel",2038
"bucket",2033
"timer",2030
"measur",2029
"crash",2028
"incorrect",2018
"metadata",2012
"effect",2011
"behavior",2002
"review",1996
"endpoint",1994
"rectangl",1991
"segment",1991
"summari",1987
"mysqldb",1984
"faster",1980
"along",1979
"turtl",1979
"altern",1975
"factori",1973
"sorri",1972
"rotat",1963
"border",1960
"shift",1957
"importlib",1952
"sprite",1948
"workbook",1946
"publish",1944
"inherit",1943
"somehow",1941
"relev",1937
"distutil",1935
"microsoft",1930
"remain",1927
"expand",1925
"xrang",1925
"absolut",1920
"instruct",1912
"communic",1910
"observ",1903
"codec",1902
"restart",1900
"internet",1897
"sticki",1896
"chain",1888
"increas",1884
"scatter",1881
"special",1879
"selector",1871
"facebook",1868
"temperatur",1867
"transact",1861
"across",1858
"legend",1856
"power",1855
"imshow",1854
"pointer",1854
"spars",1852
"trigger",1849
"outsid",1841
"welcom",1841
"quantiti",1839
"associ",1837
"estim",1835
"entiti",1831
"unfortun",1831
"experi",1823
"enough",1809
"haven",1806
"negat",1802
"simul",1801
"visit",1801
"employe",1795
"becom",1793
"transport",1793
"matlab",1791
"asset",1762
"crawl",1758
"convers",1756
"integerfield",1756
"boost",1746
"lookup",1746
"inlin",1745
"pyinstal",1745
"matter",1742
"bokeh",1738
"delta",1736
"psycopg",1735
"practic",1730
"itertool",1725
"delay",1720
"exclud",1719
"raspberri",1719
"softwar",1718
"interpol",1715
"surfac",1712
"appengin",1711
"onlin",1711
"failur",1707
"confirm",1705
"describ",1705
"stage",1701
"alert",1696
"unpack",1696
"factor",1693
"intel",1687
"quick",1686
"annot",1679
"advic",1671
"docker",1670
"believ",1666
"equival",1666
"concaten",1664
"compat",1662
"helper",1661
"youtub",1661
"keyerror",1651
"regress",1651
"undefin",1639
"fname",1638
"webpag",1637
"construct",1636
"progress",1635
"sound",1635
"drive",1634
"marker",1629
"recogn",1628
"pytest",1627
"uwsgi",1624
"histori",1621
"theta",1621
"twist",1620
"hostnam",1615
"paramiko",1610
"renam",1610
"catch",1607
"increment",1606
"regard",1606
"strang",1603
"gunicorn",1599
"adapt",1597
"whenev",1596
"consist",1595
"multipli",1590
"moment",1588
"english",1583
"minimum",1582
"executor",1576
"threshold",1576
"textfield",1573
"geometri",1572
"const",1571
"durat",1567
"respect",1567
"qapplic",1560
"enemi",1556
"astyp",1554
"compress",1553
"balanc",1552
"overrid",1551
"strftime",1549
"cloud",1544
"prime",1543
"sensor",1542
"contour",1537
"dirnam",1532
"isinst",1531
"openerp",1528
"boolean",1527
"grade",1526
"reach",1518
"gradient",1517
"asyncio",1514
"ndarray",1513
"openssl",1513
"friend",1506
"degre",1505
"subset",1502
"retri",1500
"destin",1499
"prevent",1497
"precis",1492
"indexerror",1490
"various",1487
"freez",1484
"explicit",1482
"partial",1481
"refresh",1481
"dummi",1476
"partit",1476
"colour",1474
"improv",1473
"other",1467
"radius",1467
"equat",1466
"licens",1462
"liter",1459
"alloc",1453
"although",1452
"ideal",1442
"timeit",1442
"writerow",1439
"argpars",1435
"pivot",1432
"autom",1430
"encount",1430
"light",1430
"foreign",1427
"indent",1426
"sympi",1414
"embed",1413
"endfor",1413
"escap",1413
"linspac",1412
"longer",1406
"social",1405
"timezon",1404
"anybodi",1402
"unexpect",1402
"constraint",1399
"anyway",1398
"concurr",1398
"latitud",1398
"longitud",1396
"artist",1395
"decid",1395
"mongodb",1395
"oracl",1394
"histogram",1393
"therefor",1393
"divid",1392
"satisfi",1391
"readi",1386
"situat",1385
"certif",1383
"necessari",1383
"studio",1382
"nameerror",1376
"pagin",1374
"transfer",1373
"pyobject",1369
"checkbox",1368
"setobjectnam",1368
"recommend",1363
"taken",1359
"orient",1357
"ensur",1355
"ylabel",1355
"timedelta",1354
"webapp",1353
"router",1351
"worksheet",1351
"accomplish",1347
"weird",1341
"signatur",1338
"postgresql",1335
"sender",1335
"polygon",1334
"creation",1326
"daemon",1325
"jqueri",1316
"cipher",1314
"urlpattern",1313
"xlabel",1313
"jinja",1308
"plain",1306
"formula",1305
"easili",1302
"coupl",1298
"destroy",1295
"bdist",1294
"comprehens",1290
"manipul",1290
"myfil",1287
"prepar",1283
"deriv",1280
"nonetyp",1280
"workspac",1278
"endif",1277
"archiv",1275
"frozen",1275
"notif",1274
"monitor",1272
"registr",1272
"alphabet",1271
"callabl",1271
"reflect",1271
"tweepi",1271
"charset",1270
"strong",1268
"otherwis",1264
"scroll",1260
"vendor",1259
"cascad",1257
"formset",1257
"uninstal",1254
"margin",1252
"known",1250
"bunch",1248
"crypto",1248
"research",1248
"staticfil",1247
"beginn",1244
"addwidget",1242
"middl",1241
"spawn",1241
"screenshot",1240
"editor",1235
"inspect",1234
"openpyxl",1233
"classif",1231
"outfil",1230
"comma",1229
"httprespons",1227
"websocket",1225
"referenc",1222
"usual",1220
"cryptographi",1219
"major",1217
"nginx",1216
"invoic",1215
"appropri",1214
"aggreg",1213
"simplifi",1207
"horizont",1205
"adjust",1204
"amazon",1201
"flush",1201
"mylist",1199
"struggl",1198
"whatev",1196
"dylib",1192
"testcas",1191
"csvfile",1189
"infil",1186
"school",1185
"sigma",1184
"gender",1178
"filepath",1177
"credit",1176
"orang",1176
"connector",1175
"essenti",1174
"bundl",1172
"analyz",1170
"constructor",1169
"comparison",1168
"modelform",1167
"settext",1167
"spyder",1164
"mistak",1163
"ratio",1162
"easier",1157
"scenario",1155
"formatt",1154
"listdir",1153
"imread",1152
"radio",1152
"somewher",1151
"macosx",1150
"calendar",1149
"twice",1149
"concat",1144
"outer",1142
"tablenam",1141
"health",1138
"perhap",1136
"postgr",1135
"seaborn",1129
"almost",1128
"magic",1127
"cancel",1126
"mobil",1126
"subclass",1122
"httplib",1120
"percent",1120
"nullabl",1117
"yellow",1116
"strptime",1108
"getitem",1101
"larger",1099
"organ",1098
"decrypt",1097
"uniform",1089
"mechan",1086
"incom",1084
"xmlns",1084
"album",1082
"repositori",1079
"substr",1077
"graphic",1076
"shuffl",1075
"subtract",1071
"greater",1070
"inplac",1069
"nativ",1068
"behaviour",1065
"paragraph",1062
"startswith",1060
"statist",1059
"fontsiz",1055
"pythonpath",1055
"tbodi",1054
"front",1053
"overlap",1049
"robot",1048
"pymongo",1047
"focus",1046
"dimension",1045
"phrase",1045
"daili",1043
"involv",1041
"phantomj",1041
"userid",1037
"transpos",1036
"brand",1035
"ansibl",1033
"scalar",1031
"builder",1025
"gateway",1024
"newlin",1024
"ioerror",1023
"touch",1023
"pushbutton",1021
"stringio",1019
"percentag",1018
"million",1017
"pprint",1017
"logout",1016
"flatten",1014
"respond",1012
"shutil",1011
"divis",1008
"attack",1002
"famili",1000
"matric",999
"pylab",998
"qwidget",998
"resolut",998
"smaller",997
"syntaxerror",991
"truncat",991
"instrument",986
"clone",985
"explan",985
"builtin",984
"music",984
"realiz",984
"bracket",983
"proceed",982
"pydev",979
"endblock",978
"parti",976
"eclips",973
"neural",972
"represent",972
"branch",969
"crawler",968
"intend",965
"highest",961
"reload",959
"paper",958
"payment",954
"offer",953
"occurr",951
"linalg",949
"fruit",947
"expir",946
"contenttyp",943
"polici",942
"corpus",941
"runner",941
"zipfil",940
"keyboard",935
"figsiz",934
"overwrit",934
"myclass",933
"mysit",933
"stringvar",933
"manifest",932
"popup",932
"overflow",931
"intersect",927
"softmax",926
"broadcast",920
"mozilla",920
"abort",913
"dropdown",913
"shortcut",910
"networkx",909
"inventori",904
"currenc",903
"instanti",903
"booleanfield",902
"distinct",902
"solver",902
"boundari",898
"qtwidget",896
"textinput",893
"anchor",890
"linewidth",890
"ticket",889
"appar",888
"cellar",888
"fetchal",887
"defaultdict",886
"mapper",885
"vagrant",885
"continuum",882
"disconnect",882
"myproject",882
"whose",879
"restaur",878
"immedi",877
"neighbor",876
"categor",875
"yahoo",875
"slider",874
"permut",872
"broken",871
"arrow",868
"correl",868
"elementtre",868
"persist",868
"restor",868
"mingw",867
"scene",866
"establish",863
"oserror",862
"readabl",860
"corner",859
"exchang",856
"extrem",856
"ticker",856
"belong",855
"colorbar",855
"affect",854
"fulli",854
"abstract",852
"arduino",852
"userprofil",850
"navig",848
"workaround",847
"asarray",845
"assertequ",845
"pysid",843
"thousand",843
"textvari",839
"descriptor",836
"pyodbc",834
"sparkcontext",833
"partner",832
"cover",831
"bullet",828
"forev",827
"highlight",825
"gather",824
"gaussian",824
"cpython",823
"median",823
"shouldn",822
"skill",822
"firstnam",820
"infinit",820
"unsupport",819
"energi",816
"forum",815
"market",811
"subscrib",811
"copyright",809
"miniconda",809
"iteritem",805
"mongo",804
"datatyp",803
"debugg",803
"deprec",802
"mnist",801
"qpushbutton",801
"programm",800
"alter",799
"independ",798
"recip",798
"difficulti",797
"registri",797
"arbitrari",794
"triangl",791
"chosen",790
"cmake",789
"menubar",789
"somebodi",789
"fixtur",788
"prototyp",787
"complic",786
"exceed",786
"human",785
"univers",781
"operand",780
"newbi",779
"ordin",779
"<c><b>",778
"anywher",773
"banana",772
"preprocess",771
"pyenv",771
"season",771
"watch",771
"behind",770
"rstrip",770
"modal",766
"implicit",763
"qmainwindow",763
"analyt",762
"lastnam",762
"spreadsheet",762
"criteria",761
"datefield",761
"communiti",759
"googleapi",758
"veloc",758
"cassandra",757
"protect",755
"behav",754
"happi",754
"restrict",754
"savefig",754
"toolbar",753
"vertex",752
"station",751
"onclick",750
"stori",749
"runtimeerror",748
"dashboard",746
"procedur",745
"eventu",744
"studi",744
"smtplib",740
"natur",738
"often",737
"tolist",737
"varchar",735
"fromstr",733
"administr",731
"fatal",729
"patient",727
"depart",726
"flash",725
"sphinx",725
"gridlayout",724
"potenti",723
"medium",722
"outcom",721
"pillow",721
"concept",720
"wikipedia",720
"boxlayout",719
"macro",719
"suppli",719
"lista",718
"street",717
"oauthclient",716
"signup",716
"temporari",716
"explor",715
"hashlib",715
"runserv",715
"sequenti",715
"strict",715
"xtick",713
"closest",712
"reproduc",711
"rerais",711
"stylesheet",711
"phase",710
"resampl",709
"coverag",708
"gamma",705
"doesnt",703
"higher",702
"setgeometri",700
"fraction",698
"neither",698
"thumbnail",698
"coroutin",697
"multipart",697
"portion",697
"purchas",697
"startup",695
"critic",693
"imagin",693
"largest",693
"knowledg",692
"rewrit",692
"transit",692
"water",689
"weather",688
"offici",687
"brows",686
"unless",686
"toolkit",684
"convolut",683
"densiti",682
"logfil",682
"money",682
"suspect",682
"ordereddict",681
"suffix",676
"backup",674
"capabl",674
"cento",673
"coeffici",673
"entropi",672
"combobox",671
"materi",671
"salari",671
"passwd",670
"slight",670
"qlabel",669
"succeed",669
"chdir",666
"basemap",665
"insight",664
"readon",664
"endswith",662
"fault",662
"femal",661
"textur",661
"maintain",660
"qualiti",660
"secondari",660
"wouldn",660
"multiindex",659
"arcpi",658
"beauti",657
"gevent",657
"transpar",657
"challeng",656
"scheme",656
"straight",654
"offic",653
"trial",652
"dropbox",651
"scapi",649
"theme",648
"intent",646
"httperror",645
"strategi",645
"modelseri",644
"caption",643
"addon",642
"datastor",641
"thresh",641
"damag",640
"pexpect",640
"particl",639
"reserv",639
"werkzeug",639
"abspath",637
"reactor",637
"exercis",636
"logit",636
"prior",635
"grant",634
"netcdf",634
"bottl",632
"unsur",632
"greet",630
"staff",630
"bigger",629
"sigmoid",627
"submiss",627
"guest",626
"broker",625
"lowercas",625
"telnet",625
"smooth",624
"modif",622
"preserv",622
"replic",621
"cvtcolor",619
"notifi",618
"rememb",617
"alist",616
"blueprint",616
"minor",616
"unsign",616
"proto",615
"textfil",615
"sublist",614
"randrang",613
"slower",611
"tostr",611
"setattr",610
"readthedoc",609
"treat",609
"socketio",608
"earlier",606
"randn",606
"vehicl",606
"variat",604
"spent",603
"decis",602
"dropout",601
"statsmodel",601
"compos",599
"financ",598
"assist",597
"discov",596
"interrupt",596
"especi",595
"familiar",595
"south",595
"defer",594
"floor",593
"reinstal",593
"routin",592
"angular",591
"canopi",590
"ultim",590
"whitespac",590
"subsequ",589
"prioriti",588
"campaign",587
"gecko",587
"mainfram",587
"listbox",586
"plane",585
"apolog",584
"candid",584
"slide",584
"difficult",583
"imagefield",583
"laptop",583
"stride",583
"substitut",583
"movement",582
"toggl",582
"aspect",581
"scrollbar",581
"anymor",580
"autocomplet",580
"await",580
"hundr",580
"sublim",580
"combo",579
"footer",578
"tfidf",577
"urlencod",577
"waitkey",577
"acquir",576
"refus",576
"approxim",575
"subscript",575
"variant",575
"north",574
"nearest",573
"infer",572
"concern",571
"doctyp",571
"capit",570
"signific",570
"central",569
"preview",569
"scraper",569
"expos",568
"shutdown",568
"trick",568
"jenkin",567
"printer",567
"snapshot",567
"collis",566
"asynchron",565
"clang",563
"backward",562
"revis",562
"wxpython",562
"lowest",561
"hover",559
"speci",559
"smart",558
"smith",557
"travers",557
"union",557
"ffmpeg",556
"getcwd",556
"handshak",556
"elaps",554
"attrib",550
"mymodel",550
"wherea",550
"darwin",549
"galleri",549
"invers",548
"physic",548
"alias",547
"classmethod",546
"bring",545
"pressur",545
"sqlcontext",545
"mapreduc",544
"chromedriv",543
"brown",542
"pymysql",542
"setitem",542
"cleanup",541
"matmul",540
"wincom",539
"claus",538
"sentiment",538
"forest",535
"textarea",535
"trade",535
"getlogg",533
"sport",533
"unlock",533
"surnam",532
"conflict",530
"motion",530
"seper",530
"favorit",529
"rabbitmq",527
"simpler",527
"rough",526
"setupui",525
"speech",524
"consecut",523
"recognit",523
"execfil",522
"simultan",522
"chapter",521
"getvalu",521
"dateutil",520
"advis",519
"xgboost",519
"overal",518
"thrown",518
"myuser",517
"haystack",515
"arriv",513
"functool",513
"pyautogui",513
"numba",512
"urlconf",512
"videocaptur",512
"centroid",510
"gensim",510
"hotel",510
"curious",509
"flight",509
"demonstr",505
"stamp",505
"isfil",504
"actor",503
"mismatch",502
"neuron",502
"despit",501
"multithread",501
"sandbox",500
"safari",499
"everytim",498
"kmean",497
"configpars",496
"regardless",496
"starttim",496
"winpython",496
"recipi",495
"columnspan",494
"deliveri",494
"fastest",494
"contract",493
"debian",493
"heatmap",493
"adjac",492
"ioloop",492
"caller",490
"typic",490
"reportlab",489
"stabl",488
"supervisor",488
"tempfil",488
"hierarchi",487
"iphon",487
"smallest",487
"argmax",486
"everyon",485
"finder",485
"longest",485
"collaps",483
"latin",483
"stand",483
"diagon",481
"assembl",480
"capac",480
"somewhat",480
"extent",477
"genfromtxt",477
"resum",477
"illustr",476
"polynomi",476
"pthread",476
"intens",475
"toplevel",475
"decay",474
"foobar",474
"listview",474
"fullnam",473
"portfolio",473
"surpris",473
"tight",472
"xdata",472
"counti",471
"disappear",471
"palett",471
"basenam",470
"manner",469
"radiobutton",469
"feedback",468
"loadtxt",468
"opengl",468
"birth",467
"drawn",466
"keydown",466
"navbar",466
"peewe",466
"photoimag",466
"punctuat",466
"logist",464
"fortran",462
"pyramid",462
"reject",461
"traffic",461
"discuss",459
"httpd",459
"intercept",459
"jython",459
"truth",458
"confid",457
"disposit",457
"dndebug",457
"playlist",457
"backref",456
"bluetooth",456
"standalon",455
"ascend",454
"mixer",454
"intro",453
"meshgrid",453
"scienc",453
"setdefault",453
"reciev",452
"metaclass",451
"mkdir",451
"recreat",451
"stacktrac",451
"timeseri",451
"slope",449
"socketserv",449
"stanford",449
"convd",448
"docstr",448
"libpython",447
"meant",447
"fabric",446
"mydict",446
"complain",445
"epsilon",445
"solid",445
"arial",444
"ifram",444
"propag",444
"fetchon",443
"geocod",443
"profit",443
"fieldnam",442
"forget",442
"macbook",442
"outlin",442
"besid",441
"heart",441
"launcher",441
"guidanc",440
"qrect",440
"chunksiz",439
"println",439
"jsonifi",438
"scratch",438
"stupid",437
"treeview",437
"discoveri",436
"quarter",436
"corrupt",435
"frequent",435
"among",434
"checker",434
"fourth",434
"scrap",433
"suppress",433
"decreas",432
"impress",432
"slave",432
"staticmethod",430
"accur",429
"ineffici",429
"mystr",429
"raster",429
"stopword",429
"capitan",428
"neighbour",427
"decimalfield",425
"introduc",425
"ravel",425
"applewebkit",424
"argumentpars",424
"clarifi",424
"classnam",424
"khtml",424
"suitabl",424
"deepcopi",423
"hardwar",423
"pastebin",423
"superus",423
"composit",422
"experienc",422
"gotten",422
"residu",422
"instagram",421
"ydata",421
"textbox",420
"earth",419
"fillna",419
"puzzl",419
"anonym",418
"digest",418
"chanc",417
"technic",417
"forecast",416
"readm",415
"slash",415
"david",413
"dynload",413
"mongoengin",413
"teacher",413
"checkpoint",412
"conveni",412
"intermedi",412
"urlpars",412
"xlsxwriter",412
"grate",411
"objectid",411
"approv",410
"bytearray",410
"frontend",410
"homepag",410
"membership",410
"statusbar",410
"architectur",409
"ggplot",409
"invert",409
"pseudo",409
"viewset",409
"winfo",409
"descend",406
"radian",406
"saver",406
"emailfield",405
"joblib",405
"permit",405
"portal",405
"powershel",405
"qlineedit",405
"userwarn",404
"imgur",403
"overlay",403
"makemigr",402
"plaintext",402
"travel",402
"grammar",401
"cosin",400
"iterrow",400
"rowspan",400
"subfold",400
"winner",400
"stick",399
"wizard",399
"newli",398
"facecolor",397
"foreach",397
"synchron",397
"afterward",396
"caught",396
"mount",396
"spatial",396
"catalog",395
"charg",395
"enthought",395
"multilin",395
"xxxxx",395
"mimetyp",394
"motor",394
"presenc",394
"untitl",394
"workflow",394
"programmat",393
"setter",393
"maxim",392
"monkey",391
"colormap",390
"differenti",390
"pypars",390
"urlresolv",390
"hashtag",389
"retain",389
"shortest",389
"techniqu",389
"avatar",388
"deliv",388
"markupsaf",388
"stringfield",388
"notepad",387
"primit",387
"unbound",387
"ironpython",386
"weekday",386
"latex",385
"trivial",385
"crispi",384
"expens",384
"makedir",384
"understood",384
"dictread",383
"pylint",383
"recal",383
"webcam",383
"equip",382
"skimag",382
"elimin",381
"wordlist",380
"night",379
"amazonaw",378
"arrang",378
"initialis",378
"splitlin",378
"apart",377
"verif",377
"wtform",377
"mathemat",376
"mydata",376
"notat",376
"older",376
"simplest",376
"calibr",375
"imposs",375
"varianc",375
"exclus",374
"impli",374
"additem",373
"chines",373
"dbname",373
"modeladmin",373
"checkout",372
"colspan",372
"paint",372
"trail",372
"appnam",370
"employ",369
"magnitud",369
"boxplot",368
"mongocli",368
"webserv",368
"preced",367
"protobuf",367
"shadow",366
"withdraw",366
"awesom",365
"chose",365
"filesystem",365
"mynam",365
"exponenti",364
"london",363
"filefield",362
"fight",361
"ambigu",360
"bgrgray",360
"meter",360
"elast",359
"screenmanag",359
"setlevel",359
"webbrows",359
"allauth",358
"deviat",358
"progressbar",358
"qdialog",358
"resid",358
"submodul",358
"teardown",358
"circular",357
"envelop",357
"gettext",357
"messagebox",357
"scanner",357
"hasattr",355
"outlook",355
"cheer",354
"inconsist",354
"printf",354
"reindex",353
"requesthandl",353
"detector",352
"homebrew",352
"sendal",352
"wstrict",352
"clickabl",351
"worri",351
"acceler",350
"centr",350
"purpl",350
"datafil",349
"latter",349
"markdown",349
"minus",348
"offlin",348
"toward",347
"carri",346
"easiest",346
"fwrapv",346
"manufactur",346
"crontab",344
"nation",344
"pyshel",344
"spell",344
"stddev",344
"worth",344
"dialect",343
"ytick",342
"unresolv",341
"wordvec",341
"floatfield",340
"creator",339
"cumul",339
"parenthes",339
"replica",339
"tagger",339
"voltag",339
"elsewher",338
"fresh",338
"interp",338
"libxml",338
"wanna",338
"alarm",337
"enqueu",337
"newlist",337
"beyond",336
"memoryerror",336
"winerror",336
"monday",335
"percentil",335
"cleaner",334
"discard",334
"ellips",334
"mixin",334
"plural",334
"sensit",334
"shapefil",334
"tripl",334
"viewer",334
"checksum",333
"fieldset",333
"journal",333
"setlayout",333
"silli",333
"polar",332
"yesterday",332
"pycach",331
"bytesio",330
"formdata",330
"hardcod",330
"mutabl",330
"shall",330
"vstack",330
"dollar",329
"makefil",329
"approx",328
"autoreload",328
"getpass",328
"ground",328
"htmllib",328
"incompat",328
"ahead",327
"coerc",327
"deleg",326
"particip",326
"startdat",326
"subdirectori",326
"webpi",326
"myscript",325
"mytabl",325
"bright",324
"dlopen",324
"initui",324
"ipaddress",324
"keypress",324
"nonzero",324
"fileinput",323
"isdigit",322
"vision",322
"annoy",321
"countvector",321
"itemgett",321
"thumb",321
"trend",321
"under",321
"accumul",320
"america",320
"fileno",320
"helloworld",320
"reddit",320
"dropna",319
"inject",319
"pyseri",318
"silent",318
"sudden",318
"unpickl",318
"gridsearchcv",317
"messi",317
"servernam",317
"shorter",317
"doesnotexist",316
"propos",316
"subdir",316
"surround",316
"violat",316
"virtualhost",316
"wingui",316
"psutil",315
"sizeof",315
"claim",314
"everywher",314
"clipboard",313
"homework",313
"manyon",313
"qobject",313
"tracker",312
"uncom",312
"intvar",311
"xmlschema",311
"cygwin",310
"filelist",310
"outputfil",310
"qvboxlayout",310
"analys",309
"momentum",309
"troubleshoot",309
"technolog",308
"tooltip",308
"asctim",307
"clickjack",307
"expert",307
"consult",306
"decemb",306
"earli",306
"quickstart",306
"deflat",305
"histor",305
"usecol",305
"markup",304
"stripe",304
"surviv",304
"axesd",303
"convent",303
"expon",303
"leagu",303
"filehandl",302
"forbidden",302
"crawlspid",301
"helvetica",301
"popular",301
"pycrypto",301
"sendmail",301
"uppercas",301
"addhandl",299
"bgcolor",299
"instant",299
"ethernet",298
"legaci",298
"mutat",298
"qthread",298
"breakpoint",297
"trust",297
"skiprow",296
"advantag",295
"mplotd",295
"justifi",294
"newest",294
"simplejson",294
"sslerror",294
"incorpor",293
"industri",293
"pairwis",293
"redund",293
"remaind",293
"chmod",292
"fragment",292
"grayscal",292
"reboot",292
"repetit",292
"thead",292
"mimetext",291
"spend",291
"getdata",290
"qsize",290
"januari",289
"sessionmak",289
"xhtml",289
"discret",288
"rollback",288
"shorten",288
"inbox",287
"inter",287
"linestyl",287
"realis",287
"xxxxxx",287
"speak",286
"guarante",285
"inputfil",285
"writelin",285
"basecommand",284
"edgecolor",284
"opposit",284
"parametr",284
"posix",284
"arcgi",283
"draft",283
"heavi",283
"relief",283
"remind",283
"collid",282
"ftplib",282
"loginform",282
"peter",282
"xticklabel",282
"brute",281
"doubt",281
"filetyp",281
"levelnam",281
"michael",281
"signin",281
"subcommand",281
"toler",281
"vocabulari",281
"incomplet",280
"ngram",280
"subtyp",280
"spread",279
"tkagg",279
"characterist",278
"endtim",278
"fashion",278
"floatlayout",278
"garbag",278
"imagetk",278
"pyopenssl",278
"visitor",278
"annual",277
"lineno",277
"millisecond",277
"spring",277
"unzip",277
"death",276
"presum",276
"qpixmap",276
"reliabl",276
"singleton",276
"opinion",275
"seven",275
"unstack",275
"isnul",274
"tfidfvector",274
"upstream",274
"attent",273
"basicconfig",273
"bonus",273
"bridg",273
"privileg",273
"sessionid",273
"throughout",273
"tweak",273
"necessarili",272
"poster",272
"demand",271
"princip",270
"rcparam",270
"runfil",270
"theori",270
"dataread",269
"angularj",268
"dequeu",268
"placement",268
"winapi",268
"covari",267
"nosetest",267
"overload",267
"trainer",267
"underscor",267
"createview",266
"unhandl",266
"likelihood",265
"mirror",265
"spyderlib",265
"dirti",264
"classic",263
"inact",263
"slugfield",263
"symlink",263
"collectstat",262
"overhead",262
"rowconfigur",262
"rowcount",262
"react",261
"amplitud",260
"biggest",260
"devel",260
"bencod",259
"finit",259
"forgot",259
"stump",259
"symmetr",259
"timelin",259
"scientif",258
"menus",257
"stdio",257
"converg",256
"deseri",256
"hyperlink",256
"irrelev",256
"mssql",256
"perman",256
"setsockopt",256
"stretch",256
"assumpt",255
"moreov",255
"unclear",255
"unnecessari",255
"minidom",254
"rebuild",254
"urlerror",254
"quotat",252
"wordpress",252
"adress",251
"getter",251
"reduct",251
"autofield",250
"enctyp",250
"getrespons",250
"namedtupl",250
"danger",249
"apicli",248
"fundament",248
"nodej",248
"oppos",248
"regexp",248
"benefit",247
"contribut",247
"getroot",246
"maker",246
"savetxt",246
"ffffff",245
"recvfrom",245
"retval",245
"unauthor",245
"unsuccess",245
"corpor",244
"cpickl",244
"favicon",244
"serializ",244
"tester",244
"unlik",244
"howto",243
"httpserver",243
"overcom",243
"terribl",243
"heard",242
"sendto",242
"binascii",241
"versa",241
"colon",240
"crazi",240
"euclidean",240
"newer",240
"stopiter",240
"teach",240
"unchang",240
"backslash",239
"bellow",239
"benchmark",239
"effort",239
"simplic",239
"datapoint",238
"dgram",238
"eight",238
"impact",238
"narrow",238
"predefin",238
"sitecustom",238
"xcode",238
"errorhandl",237
"flexibl",237
"foreground",237
"pydata",237
"runtimewarn",237
"splitext",237
"overview",236
"useless",236
"viewport",236
"concret",235
"filedialog",235
"hexdigest",235
"keyfil",235
"pcolormesh",235
"urljoin",235
"didnt",234
"enclos",234
"march",234
"spectrum",234
"bypass",233
"enddat",233
"eoferror",233
"euler",233
"forth",233
"intuit",233
"occupi",233
"friday",232
"fullscreen",232
"kinda",232
"maxsiz",232
"prefetch",232
"robust",232
"urlretriev",232
"setvalu",231
"utcnow",231
"windowserror",231
"furthermor",230
"getattribut",230
"recov",229
"former",228
"htmlparser",228
"isdir",228
"loglevel",228
"autoincr",227
"geoloc",227
"imwrit",227
"jsonrespons",227
"recognis",227
"setmod",227
"sunday",227
"cumsum",226
"firewal",226
"myfunct",226
"introduct",225
"oauthhandl",225
"foundat",224
"novic",224
"webservic",224
"apikey",223
"commandlin",223
"tuesday",223
"ctime",222
"micro",222
"qstring",221
"webel",221
"cartesian",220
"pathnam",220
"unhash",220
"decompress",219
"httpconnect",219
"manytomani",219
"closer",218
"compound",218
"contextlib",218
"tzinfo",218
"unrecogn",218
"closur",217
"detailview",217
"onchang",217
"sshclient",217
"frustrat",216
"illeg",216
"optimis",216
"raspberrypi",216
"unavail",216
"bitbucket",215
"french",215
"holder",215
"diagram",214
"sendmessag",214
"ensembl",212
"fifth",212
"grace",212
"latenc",212
"realtim",212
"reconstruct",212
"versus",212
"choicefield",211
"colleg",211
"financi",211
"india",211
"userag",211
"principl",210
"shade",210
"investig",209
"ipynb",209
"modelviewset",209
"telephon",209
"contourf",208
"europ",208
"externalshel",208
"macintosh",208
"arithmet",206
"funcanim",206
"invis",206
"setsiz",206
"baudrat",205
"bitwis",205
"fanci",205
"honest",205
"klass",204
"clarif",203
"ndimag",203
"octet",203
"postman",203
"quotechar",203
"shoot",203
"bottleneck",202
"dictwrit",202
"liner",202
"parenthesi",202
"suffici",202
"realiti",201
"semant",200
"whilst",200
"charmap",199
"infin",199
"keyup",199
"occasion",199
"proport",199
"summar",199
"beanstalk",198
"inclus",198
"usabl",198
"wildcard",198
"dismiss",197
"tkfiledialog",197
"typedef",197
"bashrc",196
"bufsiz",196
"organis",196
"promis",196
"pseudocod",196
"unwant",196
"abbrevi",195
"denot",195
"recurr",195
"consumpt",194
"decomposit",194
"hierarch",194
"qtagg",194
"reconnect",194
"streamhandl",194
"bounc",193
"uncaught",193
"massiv",192
"overridden",192
"prove",192
"pyyaml",192
"descent",191
"showinfo",191
"starttl",191
"stumbl",191
"admit",190
"equiv",190
"templateview",190
"analog",189
"fuzzi",189
"isnan",189
"refactor",189
"unread",189
"crack",188
"experiment",188
"systemexit",188
"tackl",188
"compact",187
"qhboxlayout",187
"serious",187
"djangotempl",186
"forgiv",186
"getsiz",186
"pyjjavaerror",186
"reorder",185
"settimeout",185
"getenv",184
"gethostnam",184
"raspbian",184
"reveal",184
"tricki",184
"goodby",183
"hstack",183
"sourceforg",183
"argsort",181
"skeleton",181
"resort",180
"qgridlayout",179
"temporarili",179
"april",178
"bother",178
"consider",178
"exhaust",178
"findcontour",178
"german",178
"ignorecas",178
"problemat",178
"microsecond",177
"profession",176
"legal",175
"realpath",175
"distinguish",174
"februari",174
"redefin",174
"clariti",173
"distort",173
"theoret",173
"apiview",172
"slowli",172
"brain",171
"fedora",171
"overwritten",171
"rectangular",170
"excerpt",169
"insecur",169
"autocommit",168
"expandus",168
"crossentropi",167
"invoc",167
"localtim",167
"stringifi",167
"isopen",166
"squeez",166
"immut",165
"appconfig",164
"perspect",164
"returncod",164
"newaxi",163
"enhanc",162
"mypassword",162
"mysteri",162
"yview",162
"bdecod",161
"excus",161
"indefinit",161
"irregular",161
"varieti",161
"alright",160
"examin",159
"minsiz",159
"brief",158
"prettifi",158
"ttyusb",158
"isalpha",157
"loadlibrari",157
"charm",156
"concis",156
"mandatori",155
"portabl",155
"clever",154
"urlfield",154
"setformatt",153
"sharex",153
"alphanumer",151
"dozen",151
"feasibl",151
"getlist",151
"horribl",151
"constrain",150
"decent",150
"enforc",150
"rearrang",150
"succes",150
"reformat",149
"shrink",149
"bearer",148
"iostream",148
"outdat",148
"conclus",147
"threw",147
"overlook",146
"revert",146
"endless",145
"funni",145
"jessi",144
"transmit",143
"becam",142
"errwrit",141
"tedious",141
"consequ",140
"errread",140
"ouput",140
"stackexchang",140
"visualis",140
"beforehand",139
"cumbersom",139
"fulfil",139
"qmetaobject",138
"rerun",137
"proof",134
"underneath",134
"brought",133
"grasp",133
"quicker",133
"gonna",131
"inspir",131
"nowher",131
"reuseaddr",131
"pyhton",130
"worst",130
"unrel",128
"mimic",126
"prepend",126
"comfort",125
"dedic",124
"deeper",122
"plenti",122
"hacki",121
"incred",120
"screw",120
"accident",119
"meaning",119
"nevertheless",114
"smarter",113
"terminolog",112
"nicer",111
"wsgiapplic",111
"couldnt",109
"viabl",108
"wherev",107
"afraid",105
"altogeth",105
"clearer",104
